eliminated,count,mean_width,std_width,min_width,max_width
False,1777,0.988102,0.021209,0.8661,1.0
True,220,0.151237,0.053566,0.077358,0.333333
